{"stats":{"minecraft:custom":{"minecraft:time_since_rest":6721,"minecraft:crouch_one_cm":4,"minecraft:play_time":6721,"minecraft:sprint_one_cm":4320,"minecraft:damage_taken":194,"minecraft:walk_one_cm":6666,"minecraft:sneak_time":7,"minecraft:jump":47,"minecraft:damage_dealt":10,"minecraft:leave_game":2,"minecraft:time_since_death":6721,"minecraft:total_world_time":6721,"minecraft:fall_one_cm":952,"minecraft:fly_one_cm":4426},"minecraft:used":{"minecraft:dirt":6,"minecraft:wooden_pickaxe":6},"minecraft:mined":{"minecraft:podzol":1,"minecraft:dirt":8,"minecraft:spruce_log":1,"minecraft:stone":5},"minecraft:picked_up":{"minecraft:wooden_pickaxe":1,"minecraft:spruce_log":6,"minecraft:lily_of_the_valley":1,"minecraft:dirt":6,"minecraft:cobblestone":5}},"DataVersion":3955}