{"stats":{"minecraft:mined":{"minecraft:podzol":1,"minecraft:stone":5,"minecraft:spruce_log":1,"minecraft:dirt":8},"minecraft:picked_up":{"minecraft:spruce_log":5,"minecraft:wooden_pickaxe":1,"minecraft:dirt":6,"minecraft:cobblestone":5},"minecraft:custom":{"minecraft:jump":37,"minecraft:time_since_rest":5423,"minecraft:leave_game":1,"minecraft:damage_dealt":10,"minecraft:crouch_one_cm":4,"minecraft:sprint_one_cm":1692,"minecraft:play_time":5423,"minecraft:damage_taken":44,"minecraft:time_since_death":5423,"minecraft:walk_one_cm":5995,"minecraft:sneak_time":7,"minecraft:total_world_time":5423,"minecraft:fall_one_cm":952,"minecraft:fly_one_cm":2090},"minecraft:used":{"minecraft:wooden_pickaxe":6,"minecraft:dirt":6}},"DataVersion":3955}