{"stats":{"minecraft:mined":{"minecraft:podzol":1,"minecraft:dirt":8,"minecraft:spruce_log":1,"minecraft:stone":5},"minecraft:custom":{"minecraft:time_since_rest":7783,"minecraft:crouch_one_cm":4,"minecraft:play_time":7783,"minecraft:sprint_one_cm":7374,"minecraft:damage_taken":194,"minecraft:walk_one_cm":8535,"minecraft:sneak_time":7,"minecraft:jump":56,"minecraft:damage_dealt":10,"minecraft:leave_game":3,"minecraft:time_since_death":7783,"minecraft:total_world_time":7783,"minecraft:fall_one_cm":952,"minecraft:fly_one_cm":5463},"minecraft:picked_up":{"minecraft:wooden_pickaxe":1,"minecraft:spruce_log":6,"minecraft:lily_of_the_valley":1,"minecraft:dirt":6,"minecraft:cobblestone":5},"minecraft:used":{"minecraft:dirt":6,"minecraft:wooden_pickaxe":6}},"DataVersion":3955}