{"stats":{"minecraft:broken":{"minecraft:wooden_axe":1},"minecraft:mined":{"minecraft:podzol":15,"minecraft:spruce_planks":9,"minecraft:cobblestone_stairs":7,"minecraft:crafting_table":1,"minecraft:ladder":1,"minecraft:grass_block":89,"minecraft:chest":2,"minecraft:cobblestone":1,"minecraft:tall_grass":3,"minecraft:spruce_leaves":35,"minecraft:large_fern":4,"minecraft:spruce_sapling":1,"minecraft:iron_ore":9,"minecraft:sweet_berry_bush":6,"minecraft:andesite":1,"minecraft:stripped_spruce_log":1,"minecraft:coal_ore":20,"minecraft:dirt_path":1,"minecraft:dirt":286,"minecraft:stone":111,"minecraft:fern":1},"minecraft:crafted":{"minecraft:cooked_beef":9,"minecraft:stone_shovel":1,"minecraft:spruce_planks":952,"minecraft:wooden_pickaxe":1,"minecraft:spruce_door":3,"minecraft:furnace":2,"minecraft:cobblestone_stairs":64,"minecraft:spruce_trapdoor":2,"minecraft:iron_axe":1,"minecraft:stick":8,"minecraft:iron_ingot":5,"minecraft:chest":90},"minecraft:killed":{"minecraft:skeleton":1,"minecraft:zombie":2,"minecraft:cow":1},"minecraft:picked_up":{"minecraft:wooden_axe":7,"minecraft:crafting_table":1,"minecraft:cooked_beef":12,"minecraft:ladder":30,"minecraft:brown_wool":1,"minecraft:andesite":2,"minecraft:leather":8,"minecraft:wooden_pickaxe":4,"minecraft:cobblestone_stairs":21,"minecraft:dirt":726,"minecraft:bone":190,"minecraft:wheat_seeds":10,"minecraft:cooked_chicken":2,"minecraft:iron_ingot":2,"minecraft:spruce_planks":191,"minecraft:spruce_wood":73,"minecraft:beef":28,"minecraft:stone_pickaxe":1,"minecraft:written_book":8,"minecraft:chest":48,"minecraft:spruce_trapdoor":1,"minecraft:stick":25,"minecraft:raw_iron":9,"minecraft:sweet_berries":118,"minecraft:torch":5,"minecraft:gravel":19,"minecraft:netherite_shovel":1,"minecraft:stripped_spruce_log":18,"minecraft:spruce_sapling":35,"minecraft:diorite":20,"minecraft:spruce_log":1211,"minecraft:netherite_pickaxe":1,"minecraft:spider_eye":2,"minecraft:stone_sword":1,"minecraft:arrow":2,"minecraft:rotten_flesh":9,"minecraft:stone_axe":1,"minecraft:black_wool":2,"minecraft:mutton":10,"minecraft:coal":48,"minecraft:white_wool":3,"minecraft:cobblestone":419},"minecraft:killed_by":{"minecraft:zombie":2},"minecraft:custom":{"minecraft:interact_with_furnace":14,"minecraft:interact_with_anvil":1,"minecraft:mob_kills":8,"minecraft:interact_with_crafting_table":18,"minecraft:leave_game":10,"minecraft:time_since_death":1029,"minecraft:sleep_in_bed":2,"minecraft:climb_one_cm":2363,"minecraft:time_since_rest":1101,"minecraft:sprint_one_cm":209396,"minecraft:damage_taken":1686,"minecraft:walk_one_cm":398072,"minecraft:drop":16,"minecraft:damage_dealt":1185,"minecraft:player_kills":1,"minecraft:swim_one_cm":20097,"minecraft:fly_one_cm":261945,"minecraft:open_chest":9,"minecraft:crouch_one_cm":7116,"minecraft:play_time":172070,"minecraft:deaths":7,"minecraft:sneak_time":4514,"minecraft:walk_under_water_one_cm":12786,"minecraft:jump":1651,"minecraft:walk_on_water_one_cm":14022,"minecraft:total_world_time":172070,"minecraft:fall_one_cm":31697},"minecraft:used":{"minecraft:cobblestone_stairs":57,"minecraft:spruce_door":1,"minecraft:stone_shovel":63,"minecraft:stone_pickaxe":116,"minecraft:spruce_planks":223,"minecraft:chest":56,"minecraft:wooden_pickaxe":3,"minecraft:rotten_flesh":1,"minecraft:dirt":113,"minecraft:anvil":1,"minecraft:crafting_table":1,"minecraft:white_bed":1,"minecraft:spruce_log":123,"minecraft:wooden_axe":24,"minecraft:sea_lantern":1,"minecraft:netherite_shovel":316,"minecraft:iron_block":9,"minecraft:spruce_trapdoor":1,"minecraft:gravel":1,"minecraft:spruce_sapling":1,"minecraft:cobblestone":67,"minecraft:written_book":2,"minecraft:sweet_berries":9,"minecraft:furnace":2,"minecraft:netherite_pickaxe":44,"minecraft:smooth_stone_slab":1,"minecraft:cooked_beef":6},"minecraft:dropped":{"minecraft:netherite_pickaxe":1,"minecraft:cooked_beef":4,"minecraft:cooked_chicken":32,"minecraft:stone_sword":1,"minecraft:cobblestone":134,"minecraft:netherite_shovel":1,"minecraft:chainmail_helmet":1,"minecraft:chainmail_chestplate":1,"minecraft:chainmail_boots":1,"minecraft:spruce_log":125,"minecraft:wooden_pickaxe":1,"minecraft:stone_pickaxe":1,"minecraft:chainmail_leggings":1}},"DataVersion":3955}