{"stats":{"minecraft:broken":{"minecraft:stone_pickaxe":1},"minecraft:mined":{"minecraft:cherry_log":1,"minecraft:clay":32,"minecraft:crafting_table":2,"minecraft:short_grass":2,"minecraft:grass_block":2,"minecraft:poppy":1,"minecraft:chest":3,"minecraft:rose_bush":4,"minecraft:tall_grass":5,"minecraft:cobblestone":11,"minecraft:lily_pad":1,"minecraft:sugar_cane":1,"minecraft:blue_bed":2,"minecraft:large_fern":1,"minecraft:pink_petals":2,"minecraft:light_blue_bed":2,"minecraft:furnace":1,"minecraft:iron_ore":18,"minecraft:sweet_berry_bush":12,"minecraft:spruce_log":2,"minecraft:yellow_bed":1,"minecraft:brown_bed":1,"minecraft:red_tulip":1,"minecraft:coal_ore":22,"minecraft:gravel":3,"minecraft:dirt":19,"minecraft:blue_orchid":2,"minecraft:stone":81},"minecraft:crafted":{"minecraft:red_dye":3,"minecraft:spruce_sign":3,"minecraft:crafting_table":1,"minecraft:spruce_planks":64,"minecraft:wooden_pickaxe":1,"minecraft:furnace":1,"minecraft:stone_axe":1,"minecraft:stick":12,"minecraft:light_blue_dye":1,"minecraft:iron_ingot":18,"minecraft:iron_pickaxe":1,"minecraft:stone_pickaxe":1,"minecraft:stone_sword":1,"minecraft:chest":2,"minecraft:torch":20},"minecraft:killed":{"minecraft:spider":1,"minecraft:skeleton":2,"minecraft:cow":4},"minecraft:picked_up":{"minecraft:pink_petals":14,"minecraft:crafting_table":3,"minecraft:clay_ball":256,"minecraft:leather":8,"minecraft:potato":6,"minecraft:brown_bed":2,"minecraft:lily_pad":2,"minecraft:yellow_bed":1,"minecraft:blue_bed":2,"minecraft:string":4,"minecraft:dirt":36,"minecraft:bone":9,"minecraft:blue_orchid":1,"minecraft:wheat_seeds":4,"minecraft:stone_pickaxe":1,"minecraft:beef":26,"minecraft:cooked_chicken":18,"minecraft:rose_bush":7,"minecraft:written_book":1,"minecraft:poppy":2,"minecraft:sugar_cane":6,"minecraft:chest":3,"minecraft:furnace":1,"minecraft:stick":5,"minecraft:raw_iron":18,"minecraft:sweet_berries":32,"minecraft:torch":19,"minecraft:gravel":5,"minecraft:cherry_log":164,"minecraft:stripped_spruce_log":2,"minecraft:diorite":1,"minecraft:spruce_log":105,"minecraft:light_blue_bed":3,"minecraft:stone_sword":1,"minecraft:arrow":1,"minecraft:red_tulip":1,"minecraft:cherry_sapling":8,"minecraft:spruce_sign":2,"minecraft:bread":8,"minecraft:oak_sapling":2,"minecraft:coal":23,"minecraft:white_wool":1,"minecraft:cobblestone":122},"minecraft:killed_by":{"minecraft:player":1},"minecraft:custom":{"minecraft:interact_with_furnace":2,"minecraft:mob_kills":8,"minecraft:interact_with_crafting_table":9,"minecraft:leave_game":4,"minecraft:time_since_death":64966,"minecraft:sleep_in_bed":2,"minecraft:time_since_rest":725,"minecraft:sprint_one_cm":144950,"minecraft:damage_taken":1153,"minecraft:walk_one_cm":50581,"minecraft:drop":10,"minecraft:damage_dealt":1326,"minecraft:swim_one_cm":5644,"minecraft:fly_one_cm":357284,"minecraft:open_chest":10,"minecraft:crouch_one_cm":9,"minecraft:play_time":71574,"minecraft:deaths":1,"minecraft:sneak_time":59,"minecraft:walk_under_water_one_cm":3867,"minecraft:jump":1573,"minecraft:walk_on_water_one_cm":23611,"minecraft:total_world_time":71574,"minecraft:fall_one_cm":47480},"minecraft:dropped":{"minecraft:sugar_cane":3,"minecraft:wheat_seeds":2,"minecraft:crafting_table":1,"minecraft:dirt":2,"minecraft:brown_bed":1,"minecraft:beef":13,"minecraft:wooden_pickaxe":1,"minecraft:lily_pad":1,"minecraft:bone":4},"minecraft:used":{"minecraft:stone_sword":34,"minecraft:stone_pickaxe":132,"minecraft:spruce_planks":2,"minecraft:chest":4,"minecraft:wooden_pickaxe":14,"minecraft:blue_bed":1,"minecraft:spruce_sign":2,"minecraft:cooked_chicken":15,"minecraft:torch":1,"minecraft:dirt":33,"minecraft:crafting_table":2,"minecraft:spruce_log":10,"minecraft:iron_pickaxe":43,"minecraft:light_blue_bed":1,"minecraft:stone_axe":2,"minecraft:sweet_berries":20,"minecraft:written_book":1,"minecraft:furnace":1,"minecraft:red_dye":2,"minecraft:brown_bed":1}},"DataVersion":3955}