{"stats":{"minecraft:crafted":{"minecraft:cooked_beef":5,"minecraft:crafting_table":2,"minecraft:spruce_planks":64,"minecraft:wooden_pickaxe":1,"minecraft:stone_axe":1,"minecraft:air":0,"minecraft:ladder":33,"minecraft:stick":84,"minecraft:wooden_axe":3,"minecraft:torch":24},"minecraft:broken":{"minecraft:stone_pickaxe":1,"minecraft:wooden_pickaxe":1},"minecraft:mined":{"minecraft:podzol":2,"minecraft:spruce_planks":3,"minecraft:dark_oak_leaves":4,"minecraft:dandelion":1,"minecraft:warped_stairs":1,"minecraft:crafting_table":2,"minecraft:cornflower":1,"minecraft:torch":2,"minecraft:short_grass":8,"minecraft:allium":1,"minecraft:grass_block":8,"minecraft:tall_grass":38,"minecraft:cobblestone":3,"minecraft:spruce_leaves":2,"minecraft:diorite":21,"minecraft:wall_torch":1,"minecraft:large_fern":30,"minecraft:spruce_sapling":1,"minecraft:mud":1,"minecraft:sweet_berry_bush":29,"minecraft:spruce_log":3,"minecraft:green_stained_glass":1,"minecraft:coal_ore":19,"minecraft:gravel":8,"minecraft:dirt":109,"minecraft:stone":116,"minecraft:fern":6},"minecraft:dropped":{"minecraft:wheat_seeds":3,"minecraft:cooked_chicken":15,"minecraft:rotten_flesh":3,"minecraft:cobblestone":147,"minecraft:chainmail_helmet":1,"minecraft:chainmail_chestplate":1,"minecraft:filled_map":1,"minecraft:wooden_axe":1,"minecraft:chainmail_boots":1,"minecraft:wooden_pickaxe":2,"minecraft:beef":8,"minecraft:slime_ball":3,"minecraft:spruce_log":118,"minecraft:stone_pickaxe":1,"minecraft:chainmail_leggings":1},"minecraft:custom":{"minecraft:interact_with_furnace":3,"minecraft:mob_kills":25,"minecraft:interact_with_crafting_table":13,"minecraft:leave_game":19,"minecraft:time_since_death":24956,"minecraft:sleep_in_bed":4,"minecraft:climb_one_cm":6827,"minecraft:time_since_rest":24990,"minecraft:sprint_one_cm":270029,"minecraft:open_enderchest":2,"minecraft:damage_taken":4508,"minecraft:walk_one_cm":252473,"minecraft:drop":25,"minecraft:damage_dealt":3133,"minecraft:swim_one_cm":3778,"minecraft:fly_one_cm":1520234,"minecraft:player_kills":1,"minecraft:open_chest":19,"minecraft:crouch_one_cm":305,"minecraft:play_time":523568,"minecraft:deaths":14,"minecraft:sneak_time":912,"minecraft:walk_under_water_one_cm":2654,"minecraft:jump":1841,"minecraft:walk_on_water_one_cm":3418,"minecraft:total_world_time":523568,"minecraft:fall_one_cm":53100},"minecraft:picked_up":{"minecraft:wooden_axe":4,"minecraft:mud":1,"minecraft:crafting_table":2,"minecraft:allium":1,"minecraft:cooked_beef":12,"minecraft:chainmail_boots":1,"minecraft:ladder":30,"minecraft:andesite":1,"minecraft:leather":22,"minecraft:brown_wool":2,"minecraft:wooden_pickaxe":2,"minecraft:chainmail_chestplate":1,"minecraft:warped_stairs":1,"minecraft:gunpowder":2,"minecraft:cobblestone_stairs":14,"minecraft:cornflower":1,"minecraft:dirt":497,"minecraft:iron_axe":1,"minecraft:bone":65,"minecraft:wheat_seeds":20,"minecraft:stone_pickaxe":1,"minecraft:spruce_planks":11,"minecraft:spruce_wood":76,"minecraft:iron_ingot":6,"minecraft:beef":31,"minecraft:cooked_chicken":34,"minecraft:written_book":6,"minecraft:chest":36,"minecraft:spruce_trapdoor":1,"minecraft:stick":25,"minecraft:sweet_berries":159,"minecraft:torch":20,"minecraft:dandelion":1,"minecraft:gravel":10,"minecraft:recovery_compass":1,"minecraft:netherite_shovel":1,"minecraft:stripped_spruce_log":18,"minecraft:green_stained_glass":1,"minecraft:spruce_sapling":58,"minecraft:diorite":40,"minecraft:grass_block":128,"minecraft:spruce_log":934,"minecraft:netherite_pickaxe":1,"minecraft:spider_eye":1,"minecraft:stone_sword":2,"minecraft:arrow":5,"minecraft:rotten_flesh":8,"minecraft:slime_ball":3,"minecraft:stone_axe":1,"minecraft:chainmail_leggings":1,"minecraft:chainmail_helmet":1,"minecraft:black_wool":4,"minecraft:mutton":20,"minecraft:coal":47,"minecraft:white_wool":6,"minecraft:cobblestone":307},"minecraft:used":{"minecraft:polished_blackstone_brick_slab":1,"minecraft:stone_sword":19,"minecraft:amethyst_block":24,"minecraft:cobblestone_stairs":1,"minecraft:stone_pickaxe":131,"minecraft:ladder":4,"minecraft:blackstone":55,"minecraft:spruce_planks":1,"minecraft:wooden_pickaxe":59,"minecraft:cooked_chicken":15,"minecraft:polished_blackstone_bricks":40,"minecraft:torch":27,"minecraft:polished_deepslate_slab":50,"minecraft:diamond_block":1,"minecraft:dirt":83,"minecraft:crafting_table":4,"minecraft:deepslate_brick_slab":150,"minecraft:allium":1,"minecraft:deepslate_tile_slab":3,"minecraft:blackstone_wall":10,"minecraft:deepslate_brick_stairs":39,"minecraft:stripped_spruce_log":8,"minecraft:spruce_log":2,"minecraft:andesite_wall":18,"minecraft:oak_log":1,"minecraft:mud":1,"minecraft:wooden_axe":8,"minecraft:sea_lantern":4,"minecraft:cornflower":1,"minecraft:iron_axe":10,"minecraft:grass_block":265,"minecraft:polished_blackstone_brick_stairs":50,"minecraft:smooth_quartz":28,"minecraft:spruce_sapling":18,"minecraft:stone_bricks":4,"minecraft:soul_lantern":8,"minecraft:stone_axe":30,"minecraft:reinforced_deepslate":8,"minecraft:cobblestone":173,"minecraft:warped_stairs":1,"minecraft:gray_glazed_terracotta":5,"minecraft:sweet_berries":16,"minecraft:stripped_oak_wood":106,"minecraft:cooked_beef":2,"minecraft:dandelion":1,"minecraft:calcite":10,"minecraft:green_stained_glass":1},"minecraft:killed":{"minecraft:creeper":3,"minecraft:skeleton":1,"minecraft:sheep":6,"minecraft:zombie":3,"minecraft:cow":12},"minecraft:killed_by":{"minecraft:player":1,"minecraft:zombie":1}},"DataVersion":3955}