{"stats":{"minecraft:crafted":{"minecraft:crafting_table":2,"minecraft:spruce_planks":40,"minecraft:stick":16,"minecraft:wooden_pickaxe":1,"minecraft:stone_pickaxe":1,"minecraft:wooden_axe":2,"minecraft:furnace":1,"minecraft:white_bed":1,"minecraft:torch":20,"minecraft:stone_axe":1,"minecraft:cooked_mutton":5,"minecraft:air":0,"minecraft:cooked_beef":5},"minecraft:dropped":{"minecraft:filled_map":4},"minecraft:killed":{"minecraft:sheep":4,"minecraft:zombie":7,"minecraft:spider":1,"minecraft:cow":3},"minecraft:broken":{"minecraft:wooden_pickaxe":1},"minecraft:used":{"minecraft:wooden_axe":19,"minecraft:stone_pickaxe":87,"minecraft:wooden_pickaxe":49,"minecraft:stone_axe":21,"minecraft:torch":12,"minecraft:cobblestone":15,"minecraft:sweet_berries":12,"minecraft:crafting_table":4,"minecraft:furnace":1,"minecraft:white_bed":1,"minecraft:cooked_beef":4},"minecraft:custom":{"minecraft:time_since_rest":7339,"minecraft:interact_with_furnace":8,"minecraft:sprint_one_cm":61392,"minecraft:damage_taken":970,"minecraft:walk_one_cm":61502,"minecraft:mob_kills":15,"minecraft:drop":4,"minecraft:damage_dealt":2316,"minecraft:swim_one_cm":13874,"minecraft:interact_with_crafting_table":15,"minecraft:fly_one_cm":60235,"minecraft:crouch_one_cm":136,"minecraft:play_time":35435,"minecraft:deaths":2,"minecraft:sneak_time":61,"minecraft:walk_under_water_one_cm":3015,"minecraft:jump":396,"minecraft:leave_game":4,"minecraft:time_since_death":26129,"minecraft:walk_on_water_one_cm":5835,"minecraft:sleep_in_bed":1,"minecraft:total_world_time":35435,"minecraft:fall_one_cm":6936},"minecraft:picked_up":{"minecraft:stick":7,"minecraft:crafting_table":4,"minecraft:sweet_berries":12,"minecraft:leather":2,"minecraft:torch":1,"minecraft:filled_map":2,"minecraft:spruce_sapling":2,"minecraft:white_bed":1,"minecraft:spruce_log":61,"minecraft:string":2,"minecraft:rotten_flesh":2,"minecraft:wheat_seeds":2,"minecraft:spruce_planks":6,"minecraft:granite":1,"minecraft:beef":5,"minecraft:black_wool":1,"minecraft:coal":87,"minecraft:mutton":5,"minecraft:furnace":1,"minecraft:white_wool":3,"minecraft:cobblestone":52},"minecraft:mined":{"minecraft:large_fern":17,"minecraft:white_bed":1,"minecraft:furnace":1,"minecraft:sweet_berry_bush":1,"minecraft:spruce_log":10,"minecraft:torch":1,"minecraft:crafting_table":4,"minecraft:granite":1,"minecraft:short_grass":2,"minecraft:coal_ore":57,"minecraft:cobblestone":1,"minecraft:spruce_leaves":8,"minecraft:stone":52},"minecraft:killed_by":{"minecraft:zombie":2}},"DataVersion":3955}