{"stats":{"minecraft:picked_up":{"minecraft:spruce_log":7,"minecraft:cobblestone":3},"minecraft:custom":{"minecraft:jump":37,"minecraft:time_since_rest":2487,"minecraft:leave_game":1,"minecraft:damage_dealt":42,"minecraft:damage_taken":60,"minecraft:sprint_one_cm":3829,"minecraft:play_time":2487,"minecraft:time_since_death":2487,"minecraft:walk_one_cm":3103,"minecraft:total_world_time":2487,"minecraft:fall_one_cm":896,"minecraft:interact_with_crafting_table":1,"minecraft:fly_one_cm":5894},"minecraft:crafted":{"minecraft:crafting_table":1,"minecraft:spruce_planks":28,"minecraft:stick":8,"minecraft:wooden_pickaxe":1},"minecraft:used":{"minecraft:wooden_pickaxe":6,"minecraft:crafting_table":1},"minecraft:mined":{"minecraft:stone":3,"minecraft:spruce_leaves":6,"minecraft:spruce_log":7}},"DataVersion":3465}