{"stats":{"minecraft:custom":{"minecraft:interact_with_furnace":3,"minecraft:mob_kills":23,"minecraft:interact_with_crafting_table":13,"minecraft:leave_game":13,"minecraft:time_since_death":18258,"minecraft:sleep_in_bed":4,"minecraft:climb_one_cm":5109,"minecraft:time_since_rest":18287,"minecraft:sprint_one_cm":207598,"minecraft:damage_taken":1867,"minecraft:walk_one_cm":165453,"minecraft:drop":24,"minecraft:damage_dealt":2933,"minecraft:swim_one_cm":3679,"minecraft:fly_one_cm":563016,"minecraft:player_kills":1,"minecraft:open_chest":16,"minecraft:crouch_one_cm":157,"minecraft:play_time":364901,"minecraft:deaths":4,"minecraft:sneak_time":236,"minecraft:walk_under_water_one_cm":1494,"minecraft:jump":1363,"minecraft:walk_on_water_one_cm":2131,"minecraft:total_world_time":364901,"minecraft:fall_one_cm":38639},"minecraft:killed":{"minecraft:creeper":3,"minecraft:skeleton":1,"minecraft:sheep":6,"minecraft:zombie":3,"minecraft:cow":10},"minecraft:dropped":{"minecraft:wheat_seeds":3,"minecraft:cooked_chicken":15,"minecraft:rotten_flesh":3,"minecraft:cobblestone":147,"minecraft:chainmail_helmet":1,"minecraft:chainmail_chestplate":1,"minecraft:wooden_axe":1,"minecraft:chainmail_boots":1,"minecraft:slime_ball":3,"minecraft:spruce_log":118,"minecraft:wooden_pickaxe":2,"minecraft:beef":8,"minecraft:stone_pickaxe":1,"minecraft:chainmail_leggings":1},"minecraft:used":{"minecraft:stone_sword":19,"minecraft:amethyst_block":24,"minecraft:cobblestone_stairs":1,"minecraft:stone_pickaxe":131,"minecraft:ladder":4,"minecraft:blackstone":32,"minecraft:spruce_planks":1,"minecraft:wooden_pickaxe":59,"minecraft:cooked_chicken":15,"minecraft:torch":25,"minecraft:dirt":82,"minecraft:crafting_table":4,"minecraft:allium":1,"minecraft:deepslate_brick_stairs":39,"minecraft:spruce_log":2,"minecraft:stripped_spruce_log":8,"minecraft:mud":1,"minecraft:wooden_axe":8,"minecraft:sea_lantern":4,"minecraft:cornflower":1,"minecraft:iron_axe":6,"minecraft:grass_block":55,"minecraft:spruce_sapling":18,"minecraft:stone_axe":30,"minecraft:cobblestone":173,"minecraft:warped_stairs":1,"minecraft:sweet_berries":16,"minecraft:cooked_beef":2,"minecraft:dandelion":1,"minecraft:calcite":10,"minecraft:green_stained_glass":1},"minecraft:killed_by":{"minecraft:player":1},"minecraft:crafted":{"minecraft:cooked_beef":5,"minecraft:crafting_table":2,"minecraft:spruce_planks":64,"minecraft:wooden_pickaxe":1,"minecraft:stone_axe":1,"minecraft:air":0,"minecraft:ladder":33,"minecraft:stick":84,"minecraft:wooden_axe":3,"minecraft:torch":24},"minecraft:mined":{"minecraft:podzol":2,"minecraft:spruce_planks":3,"minecraft:dandelion":1,"minecraft:warped_stairs":1,"minecraft:crafting_table":2,"minecraft:cornflower":1,"minecraft:torch":2,"minecraft:short_grass":8,"minecraft:allium":1,"minecraft:grass_block":7,"minecraft:tall_grass":35,"minecraft:cobblestone":3,"minecraft:spruce_leaves":2,"minecraft:diorite":21,"minecraft:wall_torch":1,"minecraft:large_fern":27,"minecraft:spruce_sapling":1,"minecraft:mud":1,"minecraft:sweet_berry_bush":29,"minecraft:spruce_log":3,"minecraft:green_stained_glass":1,"minecraft:coal_ore":19,"minecraft:gravel":8,"minecraft:dirt":109,"minecraft:stone":116,"minecraft:fern":6},"minecraft:broken":{"minecraft:stone_pickaxe":1,"minecraft:wooden_pickaxe":1},"minecraft:picked_up":{"minecraft:wooden_axe":2,"minecraft:mud":1,"minecraft:crafting_table":2,"minecraft:allium":1,"minecraft:chainmail_boots":1,"minecraft:leather":11,"minecraft:brown_wool":1,"minecraft:wooden_pickaxe":2,"minecraft:chainmail_chestplate":1,"minecraft:warped_stairs":1,"minecraft:gunpowder":2,"minecraft:cornflower":1,"minecraft:dirt":140,"minecraft:iron_axe":1,"minecraft:bone":2,"minecraft:wheat_seeds":12,"minecraft:spruce_planks":3,"minecraft:spruce_wood":31,"minecraft:stone_pickaxe":1,"minecraft:beef":24,"minecraft:cooked_chicken":32,"minecraft:written_book":2,"minecraft:stick":20,"minecraft:sweet_berries":79,"minecraft:dandelion":1,"minecraft:torch":6,"minecraft:gravel":4,"minecraft:netherite_shovel":1,"minecraft:stripped_spruce_log":8,"minecraft:green_stained_glass":1,"minecraft:spruce_sapling":47,"minecraft:diorite":20,"minecraft:spruce_log":633,"minecraft:grass_block":64,"minecraft:netherite_pickaxe":1,"minecraft:stone_sword":1,"minecraft:rotten_flesh":3,"minecraft:slime_ball":3,"minecraft:chainmail_leggings":1,"minecraft:chainmail_helmet":1,"minecraft:black_wool":2,"minecraft:mutton":10,"minecraft:coal":17,"minecraft:white_wool":3,"minecraft:cobblestone":251}},"DataVersion":3955}