{"stats":{"minecraft:used":{"minecraft:wooden_axe":14,"minecraft:crafting_table":1},"minecraft:picked_up":{"minecraft:stick":6,"minecraft:rotten_flesh":2,"minecraft:wheat_seeds":2,"minecraft:spruce_planks":6,"minecraft:spruce_log":3,"minecraft:string":2},"minecraft:killed":{"minecraft:spider":1,"minecraft:zombie":3},"minecraft:mined":{"minecraft:large_fern":10,"minecraft:spruce_leaves":3,"minecraft:spruce_log":3},"minecraft:custom":{"minecraft:time_since_rest":5215,"minecraft:sprint_one_cm":6820,"minecraft:play_time":11607,"minecraft:damage_taken":500,"minecraft:deaths":2,"minecraft:walk_one_cm":14852,"minecraft:mob_kills":4,"minecraft:jump":42,"minecraft:damage_dealt":879,"minecraft:time_since_death":2301,"minecraft:walk_on_water_one_cm":2329,"minecraft:leave_game":3,"minecraft:total_world_time":11607,"minecraft:interact_with_crafting_table":4,"minecraft:fly_one_cm":4894},"minecraft:crafted":{"minecraft:crafting_table":1,"minecraft:spruce_planks":12,"minecraft:stick":4,"minecraft:wooden_axe":1},"minecraft:killed_by":{"minecraft:zombie":2}},"DataVersion":3955}