{"minecraft:recipes/decorations/crafting_table":{"criteria":{"unlock_right_away":"2024-09-28 03:13:39 +0000"},"done":true},"minecraft:adventure/adventuring_time":{"criteria":{"minecraft:frozen_river":"2024-09-28 03:53:48 +0000","minecraft:forest":"2024-09-28 04:00:43 +0000","minecraft:taiga":"2024-09-28 03:13:40 +0000","minecraft:river":"2024-09-28 04:05:17 +0000","minecraft:snowy_taiga":"2024-09-28 03:53:31 +0000"},"done":false},"minecraft:recipes/transportation/mangrove_boat":{"criteria":{"in_water":"2024-09-28 03:13:45 +0000"},"done":true},"minecraft:recipes/transportation/acacia_boat":{"criteria":{"in_water":"2024-09-28 03:13:45 +0000"},"done":true},"minecraft:recipes/transportation/cherry_boat":{"criteria":{"in_water":"2024-09-28 03:13:45 +0000"},"done":true},"minecraft:recipes/transportation/bamboo_raft":{"criteria":{"in_water":"2024-09-28 03:13:45 +0000"},"done":true},"minecraft:recipes/transportation/spruce_boat":{"criteria":{"in_water":"2024-09-28 03:13:45 +0000"},"done":true},"minecraft:recipes/transportation/birch_boat":{"criteria":{"in_water":"2024-09-28 03:13:45 +0000"},"done":true},"minecraft:recipes/transportation/oak_boat":{"criteria":{"in_water":"2024-09-28 03:13:45 +0000"},"done":true},"minecraft:recipes/transportation/jungle_boat":{"criteria":{"in_water":"2024-09-28 03:13:45 +0000"},"done":true},"minecraft:recipes/transportation/dark_oak_boat":{"criteria":{"in_water":"2024-09-28 03:13:45 +0000"},"done":true},"minecraft:recipes/decorations/ladder":{"criteria":{"has_stick":"2024-09-28 03:13:51 +0000"},"done":true},"minecraft:recipes/decorations/campfire":{"criteria":{"has_stick":"2024-09-28 03:13:51 +0000"},"done":true},"minecraft:recipes/tools/wooden_hoe":{"criteria":{"has_stick":"2024-09-28 03:13:51 +0000"},"done":true},"minecraft:recipes/tools/wooden_pickaxe":{"criteria":{"has_stick":"2024-09-28 03:13:51 +0000"},"done":true},"minecraft:recipes/tools/wooden_axe":{"criteria":{"has_stick":"2024-09-28 03:13:51 +0000"},"done":true},"minecraft:recipes/tools/wooden_shovel":{"criteria":{"has_stick":"2024-09-28 03:13:51 +0000"},"done":true},"minecraft:recipes/combat/wooden_sword":{"criteria":{"has_stick":"2024-09-28 03:13:51 +0000"},"done":true},"minecraft:recipes/building_blocks/spruce_planks":{"criteria":{"has_logs":"2024-09-28 03:24:11 +0000"},"done":true},"minecraft:recipes/misc/charcoal":{"criteria":{"has_log":"2024-09-28 03:24:11 +0000"},"done":true},"minecraft:recipes/building_blocks/spruce_wood":{"criteria":{"has_log":"2024-09-28 03:24:11 +0000"},"done":true},"minecraft:recipes/redstone/spruce_button":{"criteria":{"has_planks":"2024-09-28 03:24:18 +0000"},"done":true},"minecraft:recipes/redstone/spruce_pressure_plate":{"criteria":{"has_planks":"2024-09-28 03:24:18 +0000"},"done":true},"minecraft:recipes/decorations/spruce_sign":{"criteria":{"has_planks":"2024-09-28 03:24:18 +0000"},"done":true},"minecraft:recipes/redstone/spruce_trapdoor":{"criteria":{"has_planks":"2024-09-28 03:24:18 +0000"},"done":true},"minecraft:recipes/redstone/spruce_door":{"criteria":{"has_planks":"2024-09-28 03:24:18 +0000"},"done":true},"minecraft:recipes/redstone/spruce_fence_gate":{"criteria":{"has_planks":"2024-09-28 03:24:18 +0000"},"done":true},"minecraft:recipes/misc/stick":{"criteria":{"has_planks":"2024-09-28 03:24:18 +0000"},"done":true},"minecraft:recipes/decorations/barrel":{"criteria":{"has_planks":"2024-09-28 03:24:18 +0000"},"done":true},"minecraft:recipes/decorations/spruce_fence":{"criteria":{"has_planks":"2024-09-28 03:24:18 +0000"},"done":true},"minecraft:recipes/building_blocks/spruce_stairs":{"criteria":{"has_planks":"2024-09-28 03:24:18 +0000"},"done":true},"minecraft:recipes/building_blocks/spruce_slab":{"criteria":{"has_planks":"2024-09-28 03:24:18 +0000"},"done":true},"minecraft:story/root":{"criteria":{"crafting_table":"2024-09-28 03:24:22 +0000"},"done":true},"minecraft:adventure/root":{"criteria":{"killed_by_something":"2024-09-28 03:26:54 +0000"},"done":true},"minecraft:adventure/kill_all_mobs":{"criteria":{"minecraft:spider":"2024-09-28 03:27:40 +0000","minecraft:zombie":"2024-09-28 03:27:28 +0000"},"done":false},"minecraft:adventure/kill_a_mob":{"criteria":{"minecraft:zombie":"2024-09-28 03:27:28 +0000"},"done":true},"minecraft:recipes/combat/bow":{"criteria":{"has_string":"2024-09-28 03:27:43 +0000"},"done":true},"minecraft:recipes/tools/fishing_rod":{"criteria":{"has_string":"2024-09-28 03:27:43 +0000"},"done":true},"minecraft:recipes/building_blocks/white_wool_from_string":{"criteria":{"has_string":"2024-09-28 03:27:43 +0000"},"done":true},"minecraft:recipes/redstone/tripwire_hook":{"criteria":{"has_string":"2024-09-28 03:27:43 +0000"},"done":true},"minecraft:recipes/combat/crossbow":{"criteria":{"has_string":"2024-09-28 03:27:43 +0000"},"done":true},"minecraft:recipes/decorations/candle":{"criteria":{"has_string":"2024-09-28 03:27:43 +0000"},"done":true},"minecraft:recipes/decorations/loom":{"criteria":{"has_string":"2024-09-28 03:27:43 +0000"},"done":true},"minecraft:recipes/redstone/lever":{"criteria":{"has_cobblestone":"2024-09-28 03:54:02 +0000"},"done":true},"minecraft:recipes/combat/leather_helmet":{"criteria":{"has_leather":"2024-09-28 03:53:44 +0000"},"done":true},"minecraft:recipes/decorations/torch":{"criteria":{"has_stone_pickaxe":"2024-09-28 04:01:09 +0000"},"done":true},"minecraft:recipes/combat/leather_leggings":{"criteria":{"has_leather":"2024-09-28 03:53:44 +0000"},"done":true},"minecraft:recipes/decorations/black_bed":{"criteria":{"has_black_wool":"2024-09-28 04:02:36 +0000"},"done":true},"minecraft:recipes/food/cooked_beef_from_smoking":{"criteria":{"has_beef":"2024-09-28 03:53:44 +0000"},"done":true},"minecraft:recipes/food/cooked_mutton_from_smoking":{"criteria":{"has_mutton":"2024-09-28 03:53:42 +0000"},"done":true},"minecraft:recipes/building_blocks/granite_stairs":{"criteria":{"has_granite":"2024-09-28 04:09:02 +0000"},"done":true},"minecraft:recipes/building_blocks/granite_stairs_from_granite_stonecutting":{"criteria":{"has_granite":"2024-09-28 04:09:02 +0000"},"done":true},"minecraft:recipes/combat/stone_sword":{"criteria":{"has_cobblestone":"2024-09-28 03:54:02 +0000"},"done":true},"minecraft:recipes/decorations/cobblestone_wall":{"criteria":{"has_cobblestone":"2024-09-28 03:54:02 +0000"},"done":true},"minecraft:recipes/tools/stone_pickaxe":{"criteria":{"has_cobblestone":"2024-09-28 03:54:02 +0000"},"done":true},"minecraft:recipes/tools/stone_axe":{"criteria":{"has_cobblestone":"2024-09-28 03:54:02 +0000"},"done":true},"minecraft:recipes/food/cooked_mutton":{"criteria":{"has_mutton":"2024-09-28 03:53:42 +0000"},"done":true},"minecraft:recipes/decorations/granite_wall":{"criteria":{"has_granite":"2024-09-28 04:09:02 +0000"},"done":true},"minecraft:recipes/decorations/white_banner":{"criteria":{"has_white_wool":"2024-09-28 03:53:42 +0000"},"done":true},"minecraft:story/mine_stone":{"criteria":{"get_stone":"2024-09-28 03:54:02 +0000"},"done":true},"minecraft:recipes/decorations/furnace":{"criteria":{"has_cobblestone":"2024-09-28 03:54:02 +0000"},"done":true},"minecraft:recipes/building_blocks/polished_granite_slab_from_granite_stonecutting":{"criteria":{"has_granite":"2024-09-28 04:09:02 +0000"},"done":true},"minecraft:recipes/decorations/item_frame":{"criteria":{"has_leather":"2024-09-28 03:53:44 +0000"},"done":true},"minecraft:story/upgrade_tools":{"criteria":{"stone_pickaxe":"2024-09-28 04:01:09 +0000"},"done":true},"minecraft:recipes/decorations/painting":{"criteria":{"has_wool":"2024-09-28 03:53:42 +0000"},"done":true},"minecraft:recipes/decorations/black_carpet":{"criteria":{"has_black_wool":"2024-09-28 04:02:36 +0000"},"done":true},"minecraft:recipes/building_blocks/granite_slab_from_granite_stonecutting":{"criteria":{"has_granite":"2024-09-28 04:09:02 +0000"},"done":true},"minecraft:recipes/combat/leather_chestplate":{"criteria":{"has_leather":"2024-09-28 03:53:44 +0000"},"done":true},"minecraft:recipes/building_blocks/polished_granite":{"criteria":{"has_granite":"2024-09-28 04:09:02 +0000"},"done":true},"minecraft:recipes/decorations/smoker":{"criteria":{"has_furnace":"2024-09-28 04:05:31 +0000"},"done":true},"minecraft:recipes/food/cooked_mutton_from_campfire_cooking":{"criteria":{"has_mutton":"2024-09-28 03:53:42 +0000"},"done":true},"minecraft:recipes/decorations/chest":{"criteria":{"has_lots_of_items":"2024-09-28 03:54:02 +0000"},"done":true},"minecraft:recipes/building_blocks/cobblestone_slab":{"criteria":{"has_cobblestone":"2024-09-28 03:54:02 +0000"},"done":true},"minecraft:adventure/sleep_in_bed":{"criteria":{"slept_in_bed":"2024-09-28 04:03:58 +0000"},"done":true},"minecraft:recipes/building_blocks/cobblestone_slab_from_cobblestone_stonecutting":{"criteria":{"has_cobblestone":"2024-09-28 03:54:02 +0000"},"done":true},"minecraft:recipes/decorations/granite_wall_from_granite_stonecutting":{"criteria":{"has_granite":"2024-09-28 04:09:02 +0000"},"done":true},"minecraft:recipes/decorations/black_banner":{"criteria":{"has_black_wool":"2024-09-28 04:02:36 +0000"},"done":true},"minecraft:recipes/building_blocks/stone":{"criteria":{"has_cobblestone":"2024-09-28 03:54:02 +0000"},"done":true},"minecraft:recipes/combat/leather_boots":{"criteria":{"has_leather":"2024-09-28 03:53:44 +0000"},"done":true},"minecraft:recipes/decorations/cobblestone_wall_from_cobblestone_stonecutting":{"criteria":{"has_cobblestone":"2024-09-28 03:54:02 +0000"},"done":true},"minecraft:recipes/building_blocks/cobblestone_stairs_from_cobblestone_stonecutting":{"criteria":{"has_cobblestone":"2024-09-28 03:54:02 +0000"},"done":true},"minecraft:recipes/decorations/white_bed":{"criteria":{"has_white_wool":"2024-09-28 03:53:42 +0000"},"done":true},"minecraft:recipes/building_blocks/polished_granite_from_granite_stonecutting":{"criteria":{"has_granite":"2024-09-28 04:09:02 +0000"},"done":true},"minecraft:husbandry/balanced_diet":{"criteria":{"sweet_berries":"2024-09-28 03:56:57 +0000","cooked_beef":"2024-09-28 04:05:56 +0000"},"done":false},"minecraft:recipes/building_blocks/cobblestone_stairs":{"criteria":{"has_cobblestone":"2024-09-28 03:54:02 +0000"},"done":true},"minecraft:recipes/misc/leather_horse_armor":{"criteria":{"has_leather":"2024-09-28 03:53:44 +0000"},"done":true},"minecraft:husbandry/root":{"criteria":{"consumed_item":"2024-09-28 03:56:57 +0000"},"done":true},"minecraft:recipes/tools/stone_hoe":{"criteria":{"has_cobblestone":"2024-09-28 03:54:02 +0000"},"done":true},"minecraft:recipes/building_blocks/granite_slab":{"criteria":{"has_granite":"2024-09-28 04:09:02 +0000"},"done":true},"minecraft:recipes/decorations/white_carpet":{"criteria":{"has_white_wool":"2024-09-28 03:53:42 +0000"},"done":true},"minecraft:recipes/building_blocks/polished_granite_stairs_from_granite_stonecutting":{"criteria":{"has_granite":"2024-09-28 04:09:02 +0000"},"done":true},"minecraft:recipes/building_blocks/coal_block":{"criteria":{"has_coal":"2024-09-28 04:01:27 +0000"},"done":true},"minecraft:recipes/tools/stone_shovel":{"criteria":{"has_cobblestone":"2024-09-28 03:54:02 +0000"},"done":true},"minecraft:recipes/food/cooked_beef":{"criteria":{"has_beef":"2024-09-28 03:53:44 +0000"},"done":true},"minecraft:recipes/food/cooked_beef_from_campfire_cooking":{"criteria":{"has_beef":"2024-09-28 03:53:44 +0000"},"done":true},"DataVersion":3955}