{"minecraft:recipes/decorations/crafting_table":{"criteria":{"unlock_right_away":"2024-09-28 20:42:58 +0000"},"done":true},"minecraft:adventure/adventuring_time":{"criteria":{"minecraft:deep_cold_ocean":"2024-09-30 13:52:58 +0000","minecraft:savanna_plateau":"2024-09-29 01:31:51 +0000","minecraft:beach":"2024-09-28 20:52:26 +0000","minecraft:forest":"2024-09-28 20:50:13 +0000","minecraft:taiga":"2024-09-28 20:43:02 +0000","minecraft:mangrove_swamp":"2024-09-28 20:47:20 +0000","minecraft:jungle":"2024-09-29 01:32:16 +0000","minecraft:river":"2024-09-28 20:42:59 +0000","minecraft:swamp":"2024-09-28 21:37:17 +0000","minecraft:stony_shore":"2024-09-28 20:45:38 +0000","minecraft:savanna":"2024-09-29 01:32:05 +0000","minecraft:plains":"2024-09-29 02:40:22 +0000"},"done":false},"minecraft:recipes/building_blocks/spruce_planks":{"criteria":{"has_logs":"2024-09-28 20:43:21 +0000"},"done":true},"minecraft:recipes/misc/charcoal":{"criteria":{"has_log":"2024-09-28 20:43:21 +0000"},"done":true},"minecraft:recipes/building_blocks/spruce_wood":{"criteria":{"has_log":"2024-09-28 20:43:21 +0000"},"done":true},"minecraft:recipes/redstone/spruce_button":{"criteria":{"has_planks":"2024-09-28 20:44:17 +0000"},"done":true},"minecraft:recipes/redstone/spruce_pressure_plate":{"criteria":{"has_planks":"2024-09-28 20:44:17 +0000"},"done":true},"minecraft:recipes/decorations/spruce_sign":{"criteria":{"has_planks":"2024-09-28 20:44:17 +0000"},"done":true},"minecraft:recipes/redstone/spruce_trapdoor":{"criteria":{"has_planks":"2024-09-28 20:44:17 +0000"},"done":true},"minecraft:recipes/redstone/spruce_door":{"criteria":{"has_planks":"2024-09-28 20:44:17 +0000"},"done":true},"minecraft:recipes/redstone/spruce_fence_gate":{"criteria":{"has_planks":"2024-09-28 20:44:17 +0000"},"done":true},"minecraft:recipes/misc/stick":{"criteria":{"has_planks":"2024-09-28 20:44:17 +0000"},"done":true},"minecraft:recipes/decorations/barrel":{"criteria":{"has_planks":"2024-09-28 20:44:17 +0000"},"done":true},"minecraft:recipes/decorations/spruce_fence":{"criteria":{"has_planks":"2024-09-28 20:44:17 +0000"},"done":true},"minecraft:recipes/building_blocks/spruce_stairs":{"criteria":{"has_planks":"2024-09-28 20:44:17 +0000"},"done":true},"minecraft:recipes/building_blocks/spruce_slab":{"criteria":{"has_planks":"2024-09-28 20:44:17 +0000"},"done":true},"minecraft:story/root":{"criteria":{"crafting_table":"2024-09-28 20:44:22 +0000"},"done":true},"minecraft:recipes/decorations/ladder":{"criteria":{"has_stick":"2024-09-28 20:44:24 +0000"},"done":true},"minecraft:recipes/decorations/campfire":{"criteria":{"has_stick":"2024-09-28 20:44:24 +0000"},"done":true},"minecraft:recipes/tools/wooden_hoe":{"criteria":{"has_stick":"2024-09-28 20:44:24 +0000"},"done":true},"minecraft:recipes/tools/wooden_pickaxe":{"criteria":{"has_stick":"2024-09-28 20:44:24 +0000"},"done":true},"minecraft:recipes/tools/wooden_axe":{"criteria":{"has_stick":"2024-09-28 20:44:24 +0000"},"done":true},"minecraft:recipes/tools/wooden_shovel":{"criteria":{"has_stick":"2024-09-28 20:44:24 +0000"},"done":true},"minecraft:recipes/combat/wooden_sword":{"criteria":{"has_stick":"2024-09-28 20:44:24 +0000"},"done":true},"minecraft:recipes/transportation/mangrove_boat":{"criteria":{"in_water":"2024-09-28 20:45:32 +0000"},"done":true},"minecraft:recipes/transportation/acacia_boat":{"criteria":{"in_water":"2024-09-28 20:45:32 +0000"},"done":true},"minecraft:recipes/transportation/cherry_boat":{"criteria":{"in_water":"2024-09-28 20:45:32 +0000"},"done":true},"minecraft:recipes/transportation/bamboo_raft":{"criteria":{"in_water":"2024-09-28 20:45:32 +0000"},"done":true},"minecraft:recipes/transportation/spruce_boat":{"criteria":{"in_water":"2024-09-28 20:45:32 +0000"},"done":true},"minecraft:recipes/transportation/birch_boat":{"criteria":{"in_water":"2024-09-28 20:45:32 +0000"},"done":true},"minecraft:recipes/transportation/oak_boat":{"criteria":{"in_water":"2024-09-28 20:45:32 +0000"},"done":true},"minecraft:recipes/transportation/jungle_boat":{"criteria":{"in_water":"2024-09-28 20:45:32 +0000"},"done":true},"minecraft:recipes/transportation/dark_oak_boat":{"criteria":{"in_water":"2024-09-28 20:45:32 +0000"},"done":true},"minecraft:recipes/building_blocks/packed_mud":{"criteria":{"has_mud":"2024-09-28 20:45:49 +0000"},"done":true},"minecraft:husbandry/balanced_diet":{"criteria":{"cooked_chicken":"2024-09-28 21:01:21 +0000","sweet_berries":"2024-09-28 20:51:04 +0000","cooked_beef":"2024-09-28 23:07:42 +0000"},"done":false},"minecraft:husbandry/root":{"criteria":{"consumed_item":"2024-09-28 20:51:04 +0000"},"done":true},"minecraft:recipes/misc/blue_dye_from_cornflower":{"criteria":{"has_cornflower":"2024-09-28 20:53:13 +0000"},"done":true},"minecraft:recipes/misc/iron_nugget_from_smelting":{"criteria":{"has_chainmail_helmet":"2024-09-28 20:56:10 +0000"},"done":true},"minecraft:recipes/misc/iron_nugget_from_blasting":{"criteria":{"has_chainmail_helmet":"2024-09-28 20:56:10 +0000"},"done":true},"minecraft:recipes/decorations/chest":{"criteria":{"has_lots_of_items":"2024-09-28 20:56:15 +0000"},"done":true},"minecraft:recipes/misc/yellow_dye_from_dandelion":{"criteria":{"has_dandelion":"2024-09-28 21:00:52 +0000"},"done":true},"minecraft:recipes/misc/magenta_dye_from_allium":{"criteria":{"has_allium":"2024-09-28 21:01:26 +0000"},"done":true},"minecraft:adventure/root":{"criteria":{"killed_something":"2024-09-28 21:03:53 +0000"},"done":true},"minecraft:recipes/combat/leather_helmet":{"criteria":{"has_leather":"2024-09-28 21:03:55 +0000"},"done":true},"minecraft:recipes/combat/leather_leggings":{"criteria":{"has_leather":"2024-09-28 21:03:55 +0000"},"done":true},"minecraft:recipes/food/cooked_beef_from_smoking":{"criteria":{"has_beef":"2024-09-28 21:03:55 +0000"},"done":true},"minecraft:recipes/decorations/item_frame":{"criteria":{"has_leather":"2024-09-28 21:03:55 +0000"},"done":true},"minecraft:recipes/combat/leather_chestplate":{"criteria":{"has_leather":"2024-09-28 21:03:55 +0000"},"done":true},"minecraft:recipes/combat/leather_boots":{"criteria":{"has_leather":"2024-09-28 21:03:55 +0000"},"done":true},"minecraft:recipes/misc/leather_horse_armor":{"criteria":{"has_leather":"2024-09-28 21:03:55 +0000"},"done":true},"minecraft:recipes/food/cooked_beef":{"criteria":{"has_beef":"2024-09-28 21:03:55 +0000"},"done":true},"minecraft:recipes/food/cooked_beef_from_campfire_cooking":{"criteria":{"has_beef":"2024-09-28 21:03:55 +0000"},"done":true},"minecraft:recipes/redstone/lever":{"criteria":{"has_cobblestone":"2024-09-28 21:04:44 +0000"},"done":true},"minecraft:recipes/combat/stone_sword":{"criteria":{"has_cobblestone":"2024-09-28 21:04:44 +0000"},"done":true},"minecraft:recipes/decorations/cobblestone_wall":{"criteria":{"has_cobblestone":"2024-09-28 21:04:44 +0000"},"done":true},"minecraft:recipes/tools/stone_pickaxe":{"criteria":{"has_cobblestone":"2024-09-28 21:04:44 +0000"},"done":true},"minecraft:recipes/tools/stone_axe":{"criteria":{"has_cobblestone":"2024-09-28 21:04:44 +0000"},"done":true},"minecraft:story/mine_stone":{"criteria":{"get_stone":"2024-09-28 21:04:44 +0000"},"done":true},"minecraft:recipes/decorations/furnace":{"criteria":{"has_cobblestone":"2024-09-28 21:04:44 +0000"},"done":true},"minecraft:recipes/building_blocks/cobblestone_slab":{"criteria":{"has_cobblestone":"2024-09-28 21:04:44 +0000"},"done":true},"minecraft:recipes/building_blocks/cobblestone_slab_from_cobblestone_stonecutting":{"criteria":{"has_cobblestone":"2024-09-28 21:04:44 +0000"},"done":true},"minecraft:recipes/building_blocks/stone":{"criteria":{"has_cobblestone":"2024-09-28 21:04:44 +0000"},"done":true},"minecraft:recipes/decorations/cobblestone_wall_from_cobblestone_stonecutting":{"criteria":{"has_cobblestone":"2024-09-28 21:04:44 +0000"},"done":true},"minecraft:recipes/building_blocks/cobblestone_stairs_from_cobblestone_stonecutting":{"criteria":{"has_cobblestone":"2024-09-28 21:04:44 +0000"},"done":true},"minecraft:recipes/building_blocks/cobblestone_stairs":{"criteria":{"has_cobblestone":"2024-09-28 21:04:44 +0000"},"done":true},"minecraft:recipes/tools/stone_hoe":{"criteria":{"has_cobblestone":"2024-09-28 21:04:44 +0000"},"done":true},"minecraft:recipes/tools/stone_shovel":{"criteria":{"has_cobblestone":"2024-09-28 21:04:44 +0000"},"done":true},"minecraft:recipes/building_blocks/coal_block":{"criteria":{"has_coal":"2024-09-28 21:05:09 +0000"},"done":true},"minecraft:recipes/decorations/torch":{"criteria":{"has_stone_pickaxe":"2024-09-28 21:07:50 +0000"},"done":true},"minecraft:story/upgrade_tools":{"criteria":{"stone_pickaxe":"2024-09-28 21:07:50 +0000"},"done":true},"minecraft:recipes/decorations/spruce_hanging_sign":{"criteria":{"has_stripped_logs":"2024-09-28 21:24:39 +0000"},"done":true},"minecraft:recipes/building_blocks/stripped_spruce_wood":{"criteria":{"has_log":"2024-09-28 21:24:39 +0000"},"done":true},"minecraft:recipes/building_blocks/lime_concrete_powder":{"criteria":{"has_gravel":"2024-09-28 21:26:52 +0000"},"done":true},"minecraft:recipes/building_blocks/coarse_dirt":{"criteria":{"has_gravel":"2024-09-28 21:26:52 +0000"},"done":true},"minecraft:recipes/building_blocks/light_gray_concrete_powder":{"criteria":{"has_gravel":"2024-09-28 21:26:52 +0000"},"done":true},"minecraft:recipes/building_blocks/pink_concrete_powder":{"criteria":{"has_gravel":"2024-09-28 21:26:52 +0000"},"done":true},"minecraft:recipes/building_blocks/orange_concrete_powder":{"criteria":{"has_gravel":"2024-09-28 21:26:52 +0000"},"done":true},"minecraft:recipes/building_blocks/red_concrete_powder":{"criteria":{"has_gravel":"2024-09-28 21:26:52 +0000"},"done":true},"minecraft:recipes/building_blocks/magenta_concrete_powder":{"criteria":{"has_gravel":"2024-09-28 21:26:52 +0000"},"done":true},"minecraft:recipes/building_blocks/brown_concrete_powder":{"criteria":{"has_gravel":"2024-09-28 21:26:52 +0000"},"done":true},"minecraft:recipes/building_blocks/light_blue_concrete_powder":{"criteria":{"has_gravel":"2024-09-28 21:26:52 +0000"},"done":true},"minecraft:recipes/building_blocks/green_concrete_powder":{"criteria":{"has_gravel":"2024-09-28 21:26:52 +0000"},"done":true},"minecraft:recipes/building_blocks/blue_concrete_powder":{"criteria":{"has_gravel":"2024-09-28 21:26:52 +0000"},"done":true},"minecraft:recipes/building_blocks/yellow_concrete_powder":{"criteria":{"has_gravel":"2024-09-28 21:26:52 +0000"},"done":true},"minecraft:recipes/building_blocks/white_concrete_powder":{"criteria":{"has_gravel":"2024-09-28 21:26:52 +0000"},"done":true},"minecraft:recipes/building_blocks/gray_concrete_powder":{"criteria":{"has_gravel":"2024-09-28 21:26:52 +0000"},"done":true},"minecraft:recipes/building_blocks/black_concrete_powder":{"criteria":{"has_gravel":"2024-09-28 21:26:52 +0000"},"done":true},"minecraft:recipes/building_blocks/purple_concrete_powder":{"criteria":{"has_gravel":"2024-09-28 21:26:52 +0000"},"done":true},"minecraft:recipes/building_blocks/cyan_concrete_powder":{"criteria":{"has_gravel":"2024-09-28 21:26:52 +0000"},"done":true},"minecraft:adventure/kill_all_mobs":{"criteria":{"minecraft:skeleton":"2024-09-29 03:31:41 +0000","minecraft:zombie":"2024-09-28 21:50:08 +0000","minecraft:creeper":"2024-09-28 21:50:03 +0000"},"done":false},"minecraft:adventure/kill_a_mob":{"criteria":{"minecraft:creeper":"2024-09-28 21:50:03 +0000"},"done":true},"minecraft:recipes/building_blocks/diorite_stairs_from_diorite_stonecutting":{"criteria":{"has_diorite":"2024-09-28 22:46:56 +0000"},"done":true},"minecraft:recipes/building_blocks/polished_diorite":{"criteria":{"has_diorite":"2024-09-28 22:46:56 +0000"},"done":true},"minecraft:recipes/building_blocks/diorite_slab":{"criteria":{"has_diorite":"2024-09-28 22:46:56 +0000"},"done":true},"minecraft:recipes/decorations/diorite_wall_from_diorite_stonecutting":{"criteria":{"has_diorite":"2024-09-28 22:46:56 +0000"},"done":true},"minecraft:recipes/building_blocks/andesite":{"criteria":{"has_stone":"2024-09-28 22:46:56 +0000"},"done":true},"minecraft:recipes/building_blocks/polished_diorite_from_diorite_stonecutting":{"criteria":{"has_diorite":"2024-09-28 22:46:56 +0000"},"done":true},"minecraft:recipes/decorations/diorite_wall":{"criteria":{"has_diorite":"2024-09-28 22:46:56 +0000"},"done":true},"minecraft:recipes/building_blocks/diorite_slab_from_diorite_stonecutting":{"criteria":{"has_diorite":"2024-09-28 22:46:56 +0000"},"done":true},"minecraft:recipes/building_blocks/polished_diorite_slab_from_diorite_stonecutting":{"criteria":{"has_diorite":"2024-09-28 22:46:56 +0000"},"done":true},"minecraft:recipes/building_blocks/polished_diorite_stairs_from_diorite_stonecutting":{"criteria":{"has_diorite":"2024-09-28 22:46:56 +0000"},"done":true},"minecraft:recipes/building_blocks/diorite_stairs":{"criteria":{"has_diorite":"2024-09-28 22:46:56 +0000"},"done":true},"minecraft:adventure/sleep_in_bed":{"criteria":{"slept_in_bed":"2024-09-28 22:47:31 +0000"},"done":true},"minecraft:recipes/food/cooked_mutton_from_smoking":{"criteria":{"has_mutton":"2024-09-28 23:10:20 +0000"},"done":true},"minecraft:recipes/food/cooked_mutton":{"criteria":{"has_mutton":"2024-09-28 23:10:20 +0000"},"done":true},"minecraft:recipes/decorations/white_banner":{"criteria":{"has_white_wool":"2024-09-28 23:10:20 +0000"},"done":true},"minecraft:recipes/decorations/painting":{"criteria":{"has_wool":"2024-09-28 23:10:20 +0000"},"done":true},"minecraft:recipes/food/cooked_mutton_from_campfire_cooking":{"criteria":{"has_mutton":"2024-09-28 23:10:20 +0000"},"done":true},"minecraft:recipes/decorations/white_bed":{"criteria":{"has_white_wool":"2024-09-28 23:10:20 +0000"},"done":true},"minecraft:recipes/decorations/white_carpet":{"criteria":{"has_white_wool":"2024-09-28 23:10:20 +0000"},"done":true},"minecraft:recipes/decorations/brown_banner":{"criteria":{"has_brown_wool":"2024-09-28 23:10:29 +0000"},"done":true},"minecraft:recipes/decorations/brown_bed":{"criteria":{"has_brown_wool":"2024-09-28 23:10:29 +0000"},"done":true},"minecraft:recipes/decorations/brown_carpet":{"criteria":{"has_brown_wool":"2024-09-28 23:10:29 +0000"},"done":true},"minecraft:recipes/decorations/black_bed":{"criteria":{"has_black_wool":"2024-09-28 23:10:47 +0000"},"done":true},"minecraft:recipes/decorations/black_carpet":{"criteria":{"has_black_wool":"2024-09-28 23:10:47 +0000"},"done":true},"minecraft:recipes/decorations/black_banner":{"criteria":{"has_black_wool":"2024-09-28 23:10:47 +0000"},"done":true},"minecraft:recipes/redstone/sticky_piston":{"criteria":{"has_slime_ball":"2024-09-29 02:52:33 +0000"},"done":true},"minecraft:recipes/redstone/slime_block":{"criteria":{"has_slime_ball":"2024-09-29 02:52:33 +0000"},"done":true},"minecraft:recipes/tools/lead":{"criteria":{"has_slime_ball":"2024-09-29 02:52:33 +0000"},"done":true},"minecraft:recipes/decorations/green_stained_glass_pane":{"criteria":{"has_glass":"2024-09-29 03:14:50 +0000"},"done":true},"minecraft:recipes/misc/firework_rocket_simple":{"criteria":{"has_gunpowder":"2024-09-29 03:26:43 +0000"},"done":true},"minecraft:recipes/redstone/tnt":{"criteria":{"has_gunpowder":"2024-09-29 03:26:43 +0000"},"done":true},"minecraft:recipes/building_blocks/blackstone_stairs":{"criteria":{"has_blackstone":"2024-09-29 03:31:57 +0000"},"done":true},"minecraft:recipes/building_blocks/blackstone_slab_from_blackstone_stonecutting":{"criteria":{"has_blackstone":"2024-09-29 03:31:57 +0000"},"done":true},"minecraft:recipes/decorations/polished_blackstone_brick_wall_from_blackstone_stonecutting":{"criteria":{"has_blackstone":"2024-09-29 03:31:57 +0000"},"done":true},"minecraft:recipes/building_blocks/polished_blackstone_slab_from_blackstone_stonecutting":{"criteria":{"has_blackstone":"2024-09-29 03:31:57 +0000"},"done":true},"minecraft:recipes/building_blocks/polished_blackstone":{"criteria":{"has_blackstone":"2024-09-29 03:31:57 +0000"},"done":true},"minecraft:recipes/decorations/blackstone_wall":{"criteria":{"has_blackstone":"2024-09-29 03:31:57 +0000"},"done":true},"minecraft:recipes/building_blocks/blackstone_slab":{"criteria":{"has_blackstone":"2024-09-29 03:31:57 +0000"},"done":true},"minecraft:recipes/building_blocks/polished_blackstone_brick_slab_from_blackstone_stonecutting":{"criteria":{"has_blackstone":"2024-09-29 03:31:57 +0000"},"done":true},"minecraft:recipes/building_blocks/polished_blackstone_from_blackstone_stonecutting":{"criteria":{"has_blackstone":"2024-09-29 03:31:57 +0000"},"done":true},"minecraft:recipes/building_blocks/polished_blackstone_brick_stairs_from_blackstone_stonecutting":{"criteria":{"has_blackstone":"2024-09-29 03:31:57 +0000"},"done":true},"minecraft:recipes/building_blocks/polished_blackstone_bricks_from_blackstone_stonecutting":{"criteria":{"has_blackstone":"2024-09-29 03:31:57 +0000"},"done":true},"minecraft:recipes/decorations/blackstone_wall_from_blackstone_stonecutting":{"criteria":{"has_blackstone":"2024-09-29 03:31:57 +0000"},"done":true},"minecraft:recipes/building_blocks/polished_blackstone_stairs_from_blackstone_stonecutting":{"criteria":{"has_blackstone":"2024-09-29 03:31:57 +0000"},"done":true},"minecraft:recipes/decorations/polished_blackstone_wall_from_blackstone_stonecutting":{"criteria":{"has_blackstone":"2024-09-29 03:31:57 +0000"},"done":true},"minecraft:recipes/building_blocks/chiseled_polished_blackstone_from_blackstone_stonecutting":{"criteria":{"has_blackstone":"2024-09-29 03:31:57 +0000"},"done":true},"minecraft:recipes/building_blocks/blackstone_stairs_from_blackstone_stonecutting":{"criteria":{"has_blackstone":"2024-09-29 03:31:57 +0000"},"done":true},"minecraft:recipes/misc/bone_meal":{"criteria":{"has_bone":"2024-09-29 03:32:34 +0000"},"done":true},"minecraft:recipes/misc/diamond":{"criteria":{"has_diamond_block":"2024-09-29 04:58:58 +0000"},"done":true},"minecraft:recipes/decorations/stone_brick_wall":{"criteria":{"has_stone_bricks":"2024-09-30 01:29:22 +0000"},"done":true},"minecraft:recipes/building_blocks/stone_brick_slab_from_stone_bricks_stonecutting":{"criteria":{"has_stone_bricks":"2024-09-30 01:29:22 +0000"},"done":true},"minecraft:recipes/building_blocks/cracked_stone_bricks":{"criteria":{"has_stone_bricks":"2024-09-30 01:29:22 +0000"},"done":true},"minecraft:recipes/building_blocks/stone_brick_stairs_from_stone_bricks_stonecutting":{"criteria":{"has_stone_bricks":"2024-09-30 01:29:22 +0000"},"done":true},"minecraft:recipes/building_blocks/stone_brick_slab":{"criteria":{"has_stone_bricks":"2024-09-30 01:29:22 +0000"},"done":true},"minecraft:recipes/building_blocks/stone_brick_stairs":{"criteria":{"has_stone_bricks":"2024-09-30 01:29:22 +0000"},"done":true},"minecraft:recipes/building_blocks/chiseled_stone_bricks_from_stone_bricks_stonecutting":{"criteria":{"has_stone_bricks":"2024-09-30 01:29:22 +0000"},"done":true},"minecraft:recipes/building_blocks/chiseled_stone_bricks":{"criteria":{"has_tag":"2024-09-30 01:29:22 +0000"},"done":true},"minecraft:recipes/decorations/stone_brick_wall_from_stone_bricks_stonecutting":{"criteria":{"has_stone_bricks":"2024-09-30 01:29:22 +0000"},"done":true},"minecraft:nether/root":{"criteria":{"entered_nether":"2024-09-30 01:32:39 +0000"},"done":true},"minecraft:story/enter_the_nether":{"criteria":{"entered_nether":"2024-09-30 01:32:39 +0000"},"done":true},"minecraft:nether/explore_nether":{"criteria":{"minecraft:nether_wastes":"2024-09-30 01:32:40 +0000"},"done":false},"minecraft:recipes/building_blocks/oak_planks":{"criteria":{"has_logs":"2024-09-30 01:46:11 +0000"},"done":true},"minecraft:recipes/building_blocks/smooth_quartz_slab_from_smooth_quartz_stonecutting":{"criteria":{"has_smooth_quartz":"2024-09-30 02:07:12 +0000"},"done":true},"minecraft:recipes/building_blocks/smooth_quartz_slab":{"criteria":{"has_smooth_quartz":"2024-09-30 02:07:12 +0000"},"done":true},"minecraft:recipes/building_blocks/smooth_quartz_stairs":{"criteria":{"has_smooth_quartz":"2024-09-30 02:07:12 +0000"},"done":true},"minecraft:recipes/building_blocks/smooth_quartz_stairs_from_smooth_quartz_stonecutting":{"criteria":{"has_smooth_quartz":"2024-09-30 02:07:12 +0000"},"done":true},"minecraft:recipes/building_blocks/polished_blackstone_brick_slab":{"criteria":{"has_polished_blackstone_bricks":"2024-09-30 02:07:56 +0000"},"done":true},"minecraft:recipes/building_blocks/polished_blackstone_brick_stairs":{"criteria":{"has_polished_blackstone_bricks":"2024-09-30 02:07:56 +0000"},"done":true},"minecraft:recipes/decorations/polished_blackstone_brick_wall_from_polished_blackstone_bricks_stonecutting":{"criteria":{"has_polished_blackstone_bricks":"2024-09-30 02:07:56 +0000"},"done":true},"minecraft:recipes/building_blocks/cracked_polished_blackstone_bricks":{"criteria":{"has_polished_blackstone_bricks":"2024-09-30 02:07:56 +0000"},"done":true},"minecraft:recipes/building_blocks/polished_blackstone_brick_slab_from_polished_blackstone_bricks_stonecutting":{"criteria":{"has_polished_blackstone_bricks":"2024-09-30 02:07:56 +0000"},"done":true},"minecraft:recipes/decorations/polished_blackstone_brick_wall":{"criteria":{"has_polished_blackstone_bricks":"2024-09-30 02:07:56 +0000"},"done":true},"minecraft:recipes/building_blocks/polished_blackstone_brick_stairs_from_polished_blackstone_bricks_stonecutting":{"criteria":{"has_polished_blackstone_bricks":"2024-09-30 02:07:56 +0000"},"done":true},"DataVersion":3955}